mka2019-11-19-1,3dimage_108688
mka2019-11-19-2,3dimage_108687
mka2019-11-19-3,3dimage_108693
mka2019-11-19-4,3dimage_108697
mka2019-11-19-5,3dimage_108694
mka2019-11-19-6,3dimage_108695
mka2019-11-19-7,3dimage_108698
mka2019-11-19-8,3dimage_108708
mka2019-11-19-9,3dimage_108703
mka2019-11-19-10,3dimage_108705
mka2019-11-19-11,3dimage_108707
mka2019-11-19-12,3dimage_108706
mka2019-11-19-13,3dimage_108717
mka2019-11-19-14,3dimage_108715
mka2019-11-19-15,3dimage_108721
mka2019-11-19-16,3dimage_108714
mka2019-11-19-17,3dimage_108720
mka2019-11-19-18,3dimage_108727
mka2019-11-19-19,3dimage_108718
mka2019-11-19-20,3dimage_108728
mka2019-11-19-21,3dimage_108729
mka2019-11-19-22,3dimage_108738
mka2019-11-19-23,3dimage_108731
mka2019-11-19-24,3dimage_108735
mka2019-11-19-25,3dimage_108737
mka2019-11-19-26,3dimage_109296
mka2019-11-19-27,3dimage_109286
mka2019-11-19-28,3dimage_109289
mka2019-11-19-29,3dimage_109290
mka2019-11-19-30,3dimage_109297
mka2019-11-19-31,3dimage_109284
mka2019-11-19-32,3dimage_109288
mka2019-11-19-33,3dimage_109285
mka2019-11-19-34,3dimage_109287
mka2019-11-19-35,3dimage_109295
mka2019-11-19-36,3dimage_109291
mka2019-11-19-37,3dimage_109292
mka2019-11-19-38,3dimage_109294
mka2019-11-19-39,3dimage_109293
mka2019-11-19-40,3dimage_108761
mka2019-11-19-41,3dimage_108762
mka2019-11-19-42,3dimage_108767
mka2019-11-19-43,3dimage_108766
mka2019-11-19-44,3dimage_108772
mka2019-11-19-45,3dimage_108770
mka2019-11-19-46,3dimage_108769
mka2019-11-19-47,3dimage_108778
mka2019-11-19-48,3dimage_108779
mka2019-11-19-49,3dimage_108780
mka2019-11-19-50,3dimage_108777
mka2019-11-19-51,3dimage_108781
mka2019-11-19-52,3dimage_108786
mka2019-11-19-53,3dimage_108787
mka2019-11-19-54,3dimage_108788
mka2019-11-19-55,3dimage_108793
mka2019-11-19-56,3dimage_108796
mka2019-11-19-57,3dimage_108794
mka2019-11-19-58,3dimage_108801
mka2019-11-19-59,3dimage_108800
mka2019-11-19-60,3dimage_108803
mka2019-11-19-61,3dimage_108808
mka2019-11-19-62,3dimage_108810
mka2019-11-19-63,3dimage_108811
mka2019-11-19-64,3dimage_108813
mka2019-11-19-65,3dimage_108817
mka2019-11-19-66,3dimage_108809
mka2019-11-19-67,3dimage_108823
mka2019-11-19-68,3dimage_108821
mka2019-11-19-69,3dimage_108825
mka2019-11-19-70,3dimage_108828
mka2019-11-19-71,3dimage_108829
mka2019-11-19-72,3dimage_108830
mka2019-11-19-73,3dimage_108837
mka2019-11-19-74,3dimage_108835
mka2019-11-19-75,3dimage_108831
mka2019-11-19-76,3dimage_108840
mka2019-11-19-77,3dimage_108843
mka2019-11-19-78,3dimage_108845
mka2019-11-19-79,3dimage_108850
mka2019-11-19-80,3dimage_108849
mka2019-11-19-81,3dimage_108851
mka2019-11-19-82,3dimage_108852
mka2019-11-19-83,3dimage_108856
mka2019-11-19-84,3dimage_108860
mka2019-11-19-85,3dimage_108858
mka2019-11-19-86,3dimage_108861
mka2019-11-19-87,3dimage_108864
mka2019-11-19-88,3dimage_108866
mka2019-11-19-89,3dimage_108867
mka2019-11-19-90,3dimage_108857
mka2019-11-19-91,3dimage_108874
mka2019-11-19-92,3dimage_108872
mka2019-11-19-93,3dimage_108871
mka2019-11-19-94,3dimage_108873
mka2019-11-19-95,3dimage_108878
mka2019-11-19-96,3dimage_108880
mka2019-11-19-97,3dimage_108881
mka2019-11-19-98,3dimage_108879
mka2019-11-19-99,3dimage_108891
mka2019-11-19-100,3dimage_108888
mka2019-11-19-101,3dimage_108894
mka2019-11-19-102,3dimage_108899
mka2019-11-19-103,3dimage_108904
mka2019-11-19-104,3dimage_108907
mka2019-11-19-105,3dimage_108903
mka2019-11-19-106,3dimage_108909
mka2019-11-19-107,3dimage_108912
mka2019-11-19-108,3dimage_109313
mka2019-11-19-109,3dimage_108917
mka2019-11-19-110,3dimage_108919
mka2019-11-19-111,3dimage_108918
mka2019-11-19-112,3dimage_108926
mka2019-11-19-113,3dimage_108913
mka2019-11-19-114,3dimage_108924
mka2019-11-19-115,3dimage_108922
mka2019-11-19-116,3dimage_108925
mka2019-11-19-117,3dimage_108927
mka2019-11-19-118,3dimage_108936
mka2019-11-19-119,3dimage_108941
mka2019-11-19-120,3dimage_108935
mka2019-11-19-121,3dimage_108934
mka2019-11-19-122,3dimage_108937
mka2019-11-19-123,3dimage_108930
mka2019-11-19-124,3dimage_108940
mka2019-11-19-125,3dimage_108932
mka2019-11-19-126,3dimage_108933
mka2019-11-19-127,3dimage_108942
mka2019-11-19-128,3dimage_109311
mka2019-11-19-129,3dimage_108939
mka2019-11-19-130,3dimage_109310
mka2019-11-19-131,3dimage_108949
mka2019-11-19-132,3dimage_108953
mka2019-11-19-133,3dimage_108956
mka2019-11-19-134,3dimage_108957
mka2019-11-19-135,3dimage_108952
mka2019-11-19-136,3dimage_108964
mka2019-11-19-137,3dimage_108966
mka2019-11-19-138,3dimage_108955
mka2019-11-19-139,3dimage_108963
mka2019-11-19-140,3dimage_108961
mka2019-11-19-141,3dimage_108962
mka2019-11-19-142,3dimage_108972
mka2019-11-19-143,3dimage_108970
mka2019-11-19-144,3dimage_109309
mka2019-11-19-145,3dimage_108969
mka2019-11-19-146,3dimage_108977
mka2019-11-19-147,3dimage_108978
mka2019-11-19-148,3dimage_109314
mka2019-11-19-149,3dimage_108987
mka2019-11-19-150,3dimage_108982
mka2019-11-19-151,3dimage_108985
mka2019-11-19-152,3dimage_108976
mka2019-11-19-153,3dimage_108990
mka2019-11-19-154,3dimage_108995
mka2019-11-19-155,3dimage_108996
mka2019-11-19-156,3dimage_109308
mka2019-11-19-157,3dimage_108998
mka2019-11-19-158,3dimage_109002
mka2019-11-19-159,3dimage_108994
mka2019-11-19-160,3dimage_109315
mka2019-11-19-161,3dimage_109006
mka2019-11-19-162,3dimage_109009
mka2019-11-19-163,3dimage_109001
mka2019-11-19-164,3dimage_109013
mka2019-11-19-165,3dimage_109017
mka2019-11-19-166,3dimage_109016
mka2019-11-19-167,3dimage_109014
mka2019-11-19-168,3dimage_109022
mka2019-11-19-169,3dimage_109018
mka2019-11-19-170,3dimage_109026
mka2019-11-19-171,3dimage_109023
mka2019-11-19-172,3dimage_109029
mka2019-11-19-173,3dimage_109024
mka2019-11-19-174,3dimage_109030
mka2019-11-19-175,3dimage_109312
mka2019-11-19-176,3dimage_109033
mka2019-11-19-177,3dimage_109035
mka2019-11-19-178,3dimage_109036
mka2019-11-19-179,3dimage_109041
mka2019-11-19-180,3dimage_109042
mka2019-11-19-181,3dimage_109048
mka2019-11-19-182,3dimage_109039
mka2019-11-19-183,3dimage_109046
mka2019-11-19-184,3dimage_109045
mka2019-11-19-185,3dimage_109047
mka2019-11-19-186,3dimage_109053
mka2019-11-19-187,3dimage_109051
mka2019-11-19-188,3dimage_109058
mka2019-11-19-189,3dimage_109057
mka2019-11-19-190,3dimage_109056
mka2019-11-19-191,3dimage_109059
mka2019-11-19-192,3dimage_109063
mka2019-11-19-193,3dimage_109064
mka2019-11-19-194,3dimage_109065
mka2019-11-19-195,3dimage_109068
mka2019-11-19-196,3dimage_109067
mka2019-11-19-197,3dimage_109070
mka2019-11-19-198,3dimage_109069
mka2019-11-19-199,3dimage_109066
mka2019-11-19-200,3dimage_109072
mka2019-11-19-201,3dimage_109073
mka2019-11-19-202,3dimage_109071
mka2019-11-19-203,3dimage_109076
mka2019-11-19-204,3dimage_109074
mka2019-11-19-205,3dimage_109075
mka2019-11-19-206,3dimage_109077
mka2019-11-19-207,3dimage_109080
mka2019-11-19-208,3dimage_109079
mka2019-11-19-209,3dimage_109078
mka2019-11-19-210,3dimage_109082
mka2019-11-19-211,3dimage_109083
mka2019-11-19-212,3dimage_109085
mka2019-11-19-213,3dimage_109084
mka2019-11-19-214,3dimage_109081
mka2019-11-19-215,3dimage_109086
mka2019-11-19-216,3dimage_109088
mka2019-11-19-217,3dimage_109087
mka2019-11-19-218,3dimage_109090
mka2019-11-19-219,3dimage_109091
mka2019-11-19-220,3dimage_109089
